{
    "pile": {
        "ce_loss": 3.5046437502741865,
        "perplexity": 33.26958945884426,
        "n_tokens": 906802
    },
    "alpaca": {
        "ce_loss": 2.088355410172944,
        "perplexity": 8.071629722618757,
        "n_tokens": 270467
    },
    "alpaca_custom_completions": {
        "ce_loss": 0.2581295082402363,
        "perplexity": 1.29450645702195,
        "n_tokens": 24777
    }
}