{
    "pile": {
        "ce_loss": 3.5271151335264057,
        "perplexity": 34.02566638577206,
        "n_tokens": 906802
    },
    "alpaca": {
        "ce_loss": 2.0974345257980347,
        "perplexity": 8.145246664830042,
        "n_tokens": 270467
    },
    "alpaca_custom_completions": {
        "ce_loss": 0.27440329383609613,
        "perplexity": 1.3157453272331492,
        "n_tokens": 24777
    }
}