{
    "pile": {
        "ce_loss": 2.701947010810079,
        "perplexity": 14.908730945128925,
        "n_tokens": 900864
    },
    "alpaca": {
        "ce_loss": 1.883373318043421,
        "perplexity": 6.5756492474186325,
        "n_tokens": 267216
    },
    "alpaca_custom_completions": {
        "ce_loss": 0.2956596632853856,
        "perplexity": 1.3440126621315172,
        "n_tokens": 34464
    }
}