{
    "pile": {
        "ce_loss": 2.7287255331480087,
        "perplexity": 15.31335821070832,
        "n_tokens": 900864
    },
    "alpaca": {
        "ce_loss": 1.931094102388827,
        "perplexity": 6.897052196277433,
        "n_tokens": 267216
    },
    "alpaca_custom_completions": {
        "ce_loss": 0.3267014474921904,
        "perplexity": 1.3863875059206097,
        "n_tokens": 34464
    }
}